YEAR,FACILITY NAME,STREET ADDRESS,CITY,COUNTY,STATE,ZIP,addresses,LATITUDE,LONGITUDE,FEDERAL FACILITY,INDUSTRY SECTOR,CHEMICAL,CLEAN AIR ACT CHEMICAL,CLASSIFICATION,METAL,METAL CATEGORY,CARCINOGEN,PROD_RATIO_OR_ ACTIVITY,PARENT CO NAME
2018,SCHILLER STATION,400 GOSLING RD,PORTSMOUTH,ROCKINGHAM,NH,03801,400 GOSLING RD PORTSMOUTH NH 3801,43.09726,-70.783801,NO,Electric Utilities,MANGANESE  and MANGANESE COMPOUNDS,YES,TRI,YES,1,NO,PRODUCTION,GSP SCHILLER LLC
2018,GE CO,9 INDUSTRIAL PARK DR,HOOKSETT,MERRIMACK,NH,03106,9 INDUSTRIAL PARK DR HOOKSETT NH 3106,43.061504,-71.447873,NO,Transportation Equipment,NICKEL,YES,TRI,YES,1,YES,PRODUCTION,GENERAL ELECTRIC CO (GE CO)
2018,LONZA BIOLOGICS INC,101 INTERNATIONAL DR,PORTSMOUTH,ROCKINGHAM,NH,03801,101 INTERNATIONAL DR PORTSMOUTH NH 3801,43.082587,-70.803924,NO,Chemicals,ETHYLENE GLYCOL,YES,TRI,NO,0,NO,PRODUCTION,NA
2018,PSI MOLDED PLASTICS FORMERLY KNOWN AS GI PLASTEK,5 WICKERS DR,WOLFEBORO,CARROLL,NH,03894,5 WICKERS DR WOLFEBORO NH 3894,43.60513,-71.212805,NO,Plastics and Rubber,PROPYLENE,NO,TRI,NO,0,NO,,PSI MOLDED PLASTICS NEW HAMPSHIRE INC
2018,NEW NGC INC D/B/A NATIONAL GYPSUM CO,9 MICHAEL J SUCCI DRIVE,PORTSMOUTH,ROCKINGHAM,NH,03802,9 MICHAEL J SUCCI DRIVE PORTSMOUTH NH 3802,43.088056,-70.767222,NO,Nonmetallic Mineral Product,LEAD COMPOUNDS,YES,PBT,YES,1,NO,PRODUCTION,NEW NGC INC
2018,NEW ENGLAND WIRE TECHNOLOGIES,130 N MAIN ST,LISBON,GRAFTON,NH,03585,130 N MAIN ST LISBON NH 3585,44.21562,-71.9062,NO,Primary Metals,COPPER,NO,TRI,YES,1,NO,PRODUCTION,MJM HOLDINGS INC
2018,CHEMTAN CO INC,57 HAMPTON RD,EXETER,ROCKINGHAM,NH,03833,57 HAMPTON RD EXETER NH 3833,42.97055,-70.89849,NO,Chemical Wholesalers,FORMIC ACID,NO,TRI,NO,0,NO,ACTIVITY,NA
2018,SCHILLER STATION,400 GOSLING RD,PORTSMOUTH,ROCKINGHAM,NH,03801,400 GOSLING RD PORTSMOUTH NH 3801,43.09726,-70.783801,NO,Electric Utilities,"BENZO(G,H,I)PERYLENE",YES,PBT,NO,0,NO,PRODUCTION,GSP SCHILLER LLC
2018,HITCHINER MANUFACTURING CO INC (AUTOMATED CASTING FACILITY),1 SCARBOROUGH LN,MILFORD,HILLSBOROUGH,NH,03055,1 SCARBOROUGH LN MILFORD NH 3055,42.83577,-71.70675,NO,Primary Metals,COBALT,YES,TRI,YES,1,YES,PRODUCTION,HITCHINER MANUFACTURING CO INC
2018,SIG SAUER INC,72 PEASE BLVD,NEWINGTON,ROCKINGHAM,NH,03801,72 PEASE BLVD NEWINGTON NH 3801,43.087945,-70.811239,NO,Fabricated Metals,CHROMIUM,YES,TRI,YES,1,NO,PRODUCTION,NA
2018,STURM RUGER & CO INC,411 SUNAPEE ST,NEWPORT,SULLIVAN,NH,03773,411 SUNAPEE ST NEWPORT NH 3773,43.379828,-72.152415,NO,Fabricated Metals,CHROMIUM,YES,TRI,YES,1,NO,PRODUCTION,STURM RUGER & CO INC
2018,RENEWABLE FUELS BY PETERSON LLC,35 BUSINESS PARK RD,NORTH HAVERHILL,GRAFTON,NH,03774,35 BUSINESS PARK RD NORTH HAVERHILL NH 3774,44.077037,-72.004727,NO,Chemicals,METHANOL,YES,TRI,NO,0,NO,PRODUCTION,PETERSON'S OIL SERVICE INC.
2018,AAVID THERMALLOY LLC,1 AAVID CIR,LACONIA,BELKNAP,NH,03246,1 AAVID CIR LACONIA NH 3246,43.54687,-71.491314,NO,Computers and Electronic Products,COPPER,NO,TRI,YES,1,NO,PRODUCTION,LTI HOLDINGS INC
2018,AMPHENOL APC INC,91 NORTHEASTERN BLVD,NASHUA,HILLSBOROUGH,NH,03062,91 NORTHEASTERN BLVD NASHUA NH 3062,42.738005,-71.489815,NO,Computers and Electronic Products,FORMALDEHYDE,YES,TRI,NO,0,YES,PRODUCTION,AMPHENOL CORP
2018,RAPID SHEET METAL LLC,104 PERIMETER RD,NASHUA,HILLSBOROUGH,NH,03063,104 PERIMETER RD NASHUA NH 3063,42.78039,-71.51966,NO,Fabricated Metals,ALUMINUM (FUME OR DUST),NO,TRI,NO,4,NO,PRODUCTION,NA
2018,WATTS REGULATOR CO DBA WEBSTER VALVE,583 S MAIN ST,FRANKLIN,MERRIMACK,NH,03235,583 S MAIN ST FRANKLIN NH 3235,43.42499,-71.65416,NO,Fabricated Metals,,YES,TRI,YES,1,NO,ACTIVITY,WATTS WATER TECHNOLOGIES
2018,SCHILLER STATION,400 GOSLING RD,PORTSMOUTH,ROCKINGHAM,NH,03801,400 GOSLING RD PORTSMOUTH NH 3801,43.09726,-70.783801,NO,Electric Utilities,"SULFURIC ACID (1994 AND AFTER ACID AEROSOLS"" ONLY)""",NO,TRI,NO,0,NO,PRODUCTION,GSP SCHILLER LLC
2018,SCHILLER STATION,400 GOSLING RD,PORTSMOUTH,ROCKINGHAM,NH,03801,400 GOSLING RD PORTSMOUTH NH 3801,43.09726,-70.783801,NO,Electric Utilities,"HYDROCHLORIC ACID (1995 AND AFTER ACID AEROSOLS"" ONLY)""",YES,TRI,NO,0,NO,PRODUCTION,GSP SCHILLER LLC
2018,KALWALL CORP FLAT SHEE T DIV,168 RIVER RD,BOW,MERRIMACK,NH,03304,168 RIVER RD BOW NH 3304,43.14775,-71.48759,NO,Plastics and Rubber,STYRENE,YES,TRI,NO,0,YES,PRODUCTION,KALWALL CORP
2018,PIKE INDUSTRIES INC FARMINGTON,383 FARMINGTON RD,FARMINGTON,STRAFFORD,NH,03835,383 FARMINGTON RD FARMINGTON NH 3835,43.407359,-71.020456,NO,Petroleum,POLYCYCLIC AROMATIC COMPOUNDS,YES,PBT,NO,0,YES,PRODUCTION,CRH AMERICAS INC
2018,ALCUMET INC,3 PLANEVIEW DR,LONDONDERRY,ROCKINGHAM,NH,03053,3 PLANEVIEW DR LONDONDERRY NH 3053,42.91688,-71.42067,NO,Primary Metals,COPPER,NO,TRI,YES,1,NO,PRODUCTION,NA
2018,BRONZE CRAFT CORP,37 WILL ST,NASHUA,HILLSBOROUGH,NH,03060,37 WILL ST NASHUA NH 3060,42.752096,-71.485634,NO,Primary Metals,COPPER,NO,TRI,YES,1,NO,ACTIVITY,NA
2018,STURM RUGER & CO INC,411 SUNAPEE ST,NEWPORT,SULLIVAN,NH,03773,411 SUNAPEE ST NEWPORT NH 3773,43.379828,-72.152415,NO,Fabricated Metals,NICKEL,YES,TRI,YES,1,YES,PRODUCTION,STURM RUGER & CO INC
2018,HOLOGIC INC,4 NAVIGATOR RD,LONDONDERRY,ROCKINGHAM,NH,03053,4 NAVIGATOR RD LONDONDERRY NH 3053,42.93079,-71.44865,NO,Chemicals,METHANOL,YES,TRI,NO,0,NO,PRODUCTION,HOLOGIC INC
2018,CANAM STEEL CORP,386 RIVER RD,CLAREMONT,SULLIVAN,NH,03743,386 RIVER RD CLAREMONT NH 3743,43.343422,-72.3877,NO,Fabricated Metals,ZINC (FUME OR DUST),NO,TRI,NO,4,NO,PRODUCTION,CANAM STEEL CORP
2018,APC PAPER CO,130 SULLIVAN ST,CLAREMONT,SULLIVAN,NH,03743,130 SULLIVAN ST CLAREMONT NH 3743,43.37349,-72.34598,NO,Paper,POLYCYCLIC AROMATIC COMPOUNDS,YES,PBT,NO,0,YES,PRODUCTION,APC PAPER CO
2018,IRVING OIL TERMINALS INC,50 PREBLE WAY,PORTSMOUTH,ROCKINGHAM,NH,03801,50 PREBLE WAY PORTSMOUTH NH 3801,43.0901,-70.76689,NO,Petroleum Bulk Terminals,LEAD,YES,PBT,YES,1,YES,PRODUCTION,IRVING OIL TERMINALS INC
2018,IRVING OIL TERMINALS INC,50 PREBLE WAY,PORTSMOUTH,ROCKINGHAM,NH,03801,50 PREBLE WAY PORTSMOUTH NH 3801,43.0901,-70.76689,NO,Petroleum Bulk Terminals,ETHYLBENZENE,YES,TRI,NO,0,YES,PRODUCTION,IRVING OIL TERMINALS INC
2018,WAKEFIELD THERMAL SOLUTIONS INC,33 BRIDGE ST,PELHAM,HILLSBOROUGH,NH,03076,33 BRIDGE ST PELHAM NH 3076,42.70374,-71.31497,NO,Primary Metals,LEAD,YES,PBT,YES,1,YES,ACTIVITY,THE HEICO COS LLC
2018,WATTS REGULATOR CO DBA WEBSTER VALVE,583 S MAIN ST,FRANKLIN,MERRIMACK,NH,03235,583 S MAIN ST FRANKLIN NH 3235,43.42499,-71.65416,NO,Fabricated Metals,COPPER  and COPPER COMPOUNDS,NO,TRI,YES,1,NO,ACTIVITY,WATTS WATER TECHNOLOGIES
2018,KALWALL CORP FLAT SHEE T DIV,168 RIVER RD,BOW,MERRIMACK,NH,03304,168 RIVER RD BOW NH 3304,43.14775,-71.48759,NO,Plastics and Rubber,METHYL METHACRYLATE,YES,TRI,NO,0,NO,PRODUCTION,KALWALL CORP
2018,SCHILLER STATION,400 GOSLING RD,PORTSMOUTH,ROCKINGHAM,NH,03801,400 GOSLING RD PORTSMOUTH NH 3801,43.09726,-70.783801,NO,Electric Utilities,POLYCYCLIC AROMATIC COMPOUNDS,YES,PBT,NO,0,YES,PRODUCTION,GSP SCHILLER LLC
2018,NEW HAMPSHIRE BALL BEARINGS INC,175 JAFFERY RD,PETERBOROUGH,HILLSBOROUGH,NH,03458,175 JAFFERY RD PETERBOROUGH NH 3458,42.856405,-71.963371,NO,Fabricated Metals,METHANOL,YES,TRI,NO,0,NO,PRODUCTION,NMB USA INC
2018,FREUDENBERG-NOK SEALING TECHNOLOGIES,450 PLEASANT ST,BRISTOL,GRAFTON,NH,03222,450 PLEASANT ST BRISTOL NH 3222,43.585476,-71.750525,NO,Miscellaneous Manufacturing,METHYL ISOBUTYL KETONE,YES,TRI,NO,0,YES,PRODUCTION,FREUDENBERG-NOK GENERAL PTNR
2018,PACE INDUSTRIES - CAMBRIDGE NORTH DIV,29 1/2 LITTLEWORTH RD,DOVER,STRAFFORD,NH,03820,29 1/2 LITTLEWORTH RD DOVER NH 3820,43.19,-70.896,NO,Primary Metals,LEAD,YES,PBT,YES,1,YES,,PACE INDUSTRIES LLC
2018,IRVING OIL TERMINALS INC,50 PREBLE WAY,PORTSMOUTH,ROCKINGHAM,NH,03801,50 PREBLE WAY PORTSMOUTH NH 3801,43.0901,-70.76689,NO,Petroleum Bulk Terminals,NAPHTHALENE,YES,TRI,NO,0,YES,PRODUCTION,IRVING OIL TERMINALS INC
2018,AMPHENOL APC INC,91 NORTHEASTERN BLVD,NASHUA,HILLSBOROUGH,NH,03062,91 NORTHEASTERN BLVD NASHUA NH 3062,42.738005,-71.489815,NO,Computers and Electronic Products,CERTAIN GLYCOL ETHERS,YES,TRI,NO,0,NO,PRODUCTION,AMPHENOL CORP
2018,IRVING OIL TERMINALS INC,50 PREBLE WAY,PORTSMOUTH,ROCKINGHAM,NH,03801,50 PREBLE WAY PORTSMOUTH NH 3801,43.0901,-70.76689,NO,Petroleum Bulk Terminals,"BENZO(G,H,I)PERYLENE",YES,PBT,NO,0,NO,PRODUCTION,IRVING OIL TERMINALS INC
2018,BURNDY LLC,150 BURNDY RD,LITTLETON,GRAFTON,NH,03561,150 BURNDY RD LITTLETON NH 3561,44.30085,-71.79362,NO,Electrical Equipment,CHROMIUM,YES,TRI,YES,1,NO,PRODUCTION,HUBBELL INC
2018,"AGILE MAGNETICS,INC",24 CHENELL DR,CONCORD,MERRIMACK,NH,03301,24 CHENELL DR CONCORD NH 3301,43.20839,-71.49599,NO,Computers and Electronic Products,LEAD,YES,PBT,YES,1,YES,PRODUCTION,STANDEX INTERNATIONAL CORP
2018,HEAT & CONTROL,339 COMMERCE WAY,PEMBROKE,MERRIMACK,NH,03275,339 COMMERCE WAY PEMBROKE NH 3275,43.18795,-71.480674,NO,Machinery,CHROMIUM,YES,TRI,YES,1,NO,PRODUCTION,HEAT & CONTROL INC
2018,MORGAN ADVANCED CERAMICS INC,4 PARK AVE,HUDSON,HILLSBOROUGH,NH,03051,4 PARK AVE HUDSON NH 3051,42.78213,-71.38215,NO,Chemicals,"HYDROCHLORIC ACID (1995 AND AFTER ACID AEROSOLS"" ONLY)""",YES,TRI,NO,0,NO,ACTIVITY,MORGAN ADVANCED CERAMICS INC
2018,STURM RUGER & CO INC,411 SUNAPEE ST,NEWPORT,SULLIVAN,NH,03773,411 SUNAPEE ST NEWPORT NH 3773,43.379828,-72.152415,NO,Fabricated Metals,COPPER,NO,TRI,YES,1,NO,PRODUCTION,STURM RUGER & CO INC
2018,IRVING OIL TERMINALS INC,50 PREBLE WAY,PORTSMOUTH,ROCKINGHAM,NH,03801,50 PREBLE WAY PORTSMOUTH NH 3801,43.0901,-70.76689,NO,Petroleum Bulk Terminals,POLYCYCLIC AROMATIC COMPOUNDS,YES,PBT,NO,0,YES,PRODUCTION,IRVING OIL TERMINALS INC
2018,NORTHEAST LANTERN LTD,6 COMMERCE WAY,EXETER,ROCKINGHAM,NH,03833,6 COMMERCE WAY EXETER NH 3833,42.99539,-70.96442,NO,Electrical Equipment,COPPER,NO,TRI,YES,1,NO,,NA
2018,HUTCHINSON SEALING SYSTEMS INC,171 RT 85,NEWFIELDS,ROCKINGHAM,NH,03856,171 RT 85 NEWFIELDS NH 3856,43.02375,-70.94331,NO,Plastics and Rubber,ZINC COMPOUNDS,NO,TRI,YES,1,NO,ACTIVITY,HUTCHINSON SEALING SYSTEMS INC
2018,FREUDENBERG-NOK SEALING TECHNOLOGIES,450 PLEASANT ST,BRISTOL,GRAFTON,NH,03222,450 PLEASANT ST BRISTOL NH 3222,43.585476,-71.750525,NO,Miscellaneous Manufacturing,CHROMIUM,YES,TRI,YES,1,NO,PRODUCTION,FREUDENBERG-NOK GENERAL PTNR
2018,SCHILLER STATION,400 GOSLING RD,PORTSMOUTH,ROCKINGHAM,NH,03801,400 GOSLING RD PORTSMOUTH NH 3801,43.09726,-70.783801,NO,Electric Utilities,DIOXIN AND DIOXIN-LIKE COMPOUNDS,YES,Dioxin,NO,0,YES,PRODUCTION,GSP SCHILLER LLC
2018,TURBOCAM INC,38 REDEMPTION DR,BARRINGTON,STRAFFORD,NH,03825,38 REDEMPTION DR BARRINGTON NH 3825,43.216265,-71.01946,NO,Fabricated Metals,NITRATE COMPOUNDS,NO,TRI,NO,0,NO,PRODUCTION,NA
2018,HITCHINER MANUFACTURING CO INC (AUTOMATED CASTING FACILITY),1 SCARBOROUGH LN,MILFORD,HILLSBOROUGH,NH,03055,1 SCARBOROUGH LN MILFORD NH 3055,42.83577,-71.70675,NO,Primary Metals,NICKEL,YES,TRI,YES,1,YES,PRODUCTION,HITCHINER MANUFACTURING CO INC
2018,GENERAL CABLE INDUSTRIES INC,345 MCGREGOR ST,MANCHESTER,HILLSBOROUGH,NH,03102,345 MCGREGOR ST MANCHESTER NH 3102,42.99397,-71.47268,NO,Electrical Equipment,ANTIMONY COMPOUNDS,YES,TRI,YES,1,NO,PRODUCTION,GENERAL CABLE CORP
2018,WAKEFIELD THERMAL SOLUTIONS INC,33 BRIDGE ST,PELHAM,HILLSBOROUGH,NH,03076,33 BRIDGE ST PELHAM NH 3076,42.70374,-71.31497,NO,Primary Metals,COPPER,NO,TRI,YES,1,NO,ACTIVITY,THE HEICO COS LLC
2018,AERODYNAMICS INC,142 BATCHELDER RD,SEABROOK,ROCKINGHAM,NH,03874,142 BATCHELDER RD SEABROOK NH 3874,42.886709,-70.886393,NO,Fabricated Metals,LEAD,YES,PBT,YES,1,YES,PRODUCTION,NA
2018,SIG SAUER INC,72 PEASE BLVD,NEWINGTON,ROCKINGHAM,NH,03801,72 PEASE BLVD NEWINGTON NH 3801,43.087945,-70.811239,NO,Fabricated Metals,LEAD COMPOUNDS,YES,PBT,YES,1,NO,PRODUCTION,NA
2018,HEAT & CONTROL,339 COMMERCE WAY,PEMBROKE,MERRIMACK,NH,03275,339 COMMERCE WAY PEMBROKE NH 3275,43.18795,-71.480674,NO,Machinery,NICKEL,YES,TRI,YES,1,YES,PRODUCTION,HEAT & CONTROL INC
2018,GE CO,9 INDUSTRIAL PARK DR,HOOKSETT,MERRIMACK,NH,03106,9 INDUSTRIAL PARK DR HOOKSETT NH 3106,43.061504,-71.447873,NO,Transportation Equipment,NITRATE COMPOUNDS,NO,TRI,NO,0,NO,PRODUCTION,GENERAL ELECTRIC CO (GE CO)
2018,SIG SAUER INC,72 PEASE BLVD,NEWINGTON,ROCKINGHAM,NH,03801,72 PEASE BLVD NEWINGTON NH 3801,43.087945,-70.811239,NO,Fabricated Metals,COPPER,NO,TRI,YES,1,NO,PRODUCTION,NA
2018,PSI MOLDED PLASTICS FORMERLY KNOWN AS GI PLASTEK,5 WICKERS DR,WOLFEBORO,CARROLL,NH,03894,5 WICKERS DR WOLFEBORO NH 3894,43.60513,-71.212805,NO,Plastics and Rubber,ANTIMONY  and ANTIMONY COMPOUNDS,YES,TRI,YES,1,NO,PRODUCTION,PSI MOLDED PLASTICS NEW HAMPSHIRE INC
2018,PIKE INDUSTRIES INC - PORTSMOUTH,650 PEVERLY ROAD,PORTSMOUTH,ROCKINGHAM,NH,03801,650 PEVERLY ROAD PORTSMOUTH NH 3801,43.047651,-70.776816,NO,Petroleum,LEAD,YES,PBT,YES,1,YES,PRODUCTION,CRH AMERICAS INC
2018,WHELEN ENGINEERING,99 CEDA RD,CHARLESTOWN,SULLIVAN,NH,03603,99 CEDA RD CHARLESTOWN NH 3603,43.26615,-72.4033,NO,Transportation Equipment,LEAD,YES,PBT,YES,1,YES,PRODUCTION,WHELEN ENGINEERING
2018,KENT NUTRITION GROUP INC,520 HALL ST,BOW,MERRIMACK,NH,03304,520 HALL ST BOW NH 3304,43.17354,-71.52628,NO,Food,MANGANESE COMPOUNDS,YES,TRI,YES,1,NO,,KENT CORP
2018,PARKER HANNIFIN CORP CHOMERICS DIV,16 FLAGSTONE DR,HUDSON,HILLSBOROUGH,NH,03051,16 FLAGSTONE DR HUDSON NH 3051,42.73075,-71.43103,NO,Computers and Electronic Products,TOLUENE,YES,TRI,NO,0,NO,ACTIVITY,PARKER HANNIFIN CORP
2018,HYPERTHERM INC,100 ETNA RD,LEBANON,GRAFTON,NH,03766,100 ETNA RD LEBANON NH 3766,43.66493,-72.24163,NO,Fabricated Metals,COPPER,NO,TRI,YES,1,NO,PRODUCTION,HYPERTHERM INC
2018,CIRCUIT TECHNOLOGY INC,6A CONTINENTAL BLVD,MERRIMACK,HILLSBOROUGH,NH,03054,6A CONTINENTAL BLVD MERRIMACK NH 3054,42.838,-71.5,NO,Computers and Electronic Products,LEAD,YES,PBT,YES,1,YES,PRODUCTION,NA
2018,MARMON UTILITY LLC,53 OLD WILTON RD,MILFORD,HILLSBOROUGH,NH,03055,53 OLD WILTON RD MILFORD NH 3055,42.83947,-71.69331,NO,Electrical Equipment,COPPER,NO,TRI,YES,1,NO,PRODUCTION,MARMON WIRE & CABLE INC
2018,APC PAPER CO,130 SULLIVAN ST,CLAREMONT,SULLIVAN,NH,03743,130 SULLIVAN ST CLAREMONT NH 3743,43.37349,-72.34598,NO,Paper,"BENZO(G,H,I)PERYLENE",YES,PBT,NO,0,NO,PRODUCTION,APC PAPER CO
2018,SANMINA CORP,140 ABBY RD,MANCHESTER,HILLSBOROUGH,NH,03103,140 ABBY RD MANCHESTER NH 3103,42.93523,-71.42323,NO,Computers and Electronic Products,LEAD,YES,PBT,YES,1,YES,PRODUCTION,SANMINA CORP
2018,RAPID SHEET METAL,15 CHARRON AVE,NASHUA,HILLSBOROUGH,NH,03063,15 CHARRON AVE NASHUA NH 3063,42.777893,-71.500584,NO,Fabricated Metals,ALUMINUM (FUME OR DUST),NO,TRI,NO,4,NO,PRODUCTION,NA
2018,ESSENTIAL POWER NEWINGTON LLC,200 SHATTUCK WAY,NEWINGTON,ROCKINGHAM,NH,03801,200 SHATTUCK WAY NEWINGTON NH 3801,43.103487,-70.805243,NO,Electric Utilities,AMMONIA,NO,TRI,NO,0,NO,PRODUCTION,NAUTILUS POWER LLC
2018,PIKE INDUSTRIES INC FARMINGTON,383 FARMINGTON RD,FARMINGTON,STRAFFORD,NH,03835,383 FARMINGTON RD FARMINGTON NH 3835,43.407359,-71.020456,NO,Petroleum,"BENZO(G,H,I)PERYLENE",YES,PBT,NO,0,NO,PRODUCTION,CRH AMERICAS INC
2018,AMPHENOL APC INC,91 NORTHEASTERN BLVD,NASHUA,HILLSBOROUGH,NH,03062,91 NORTHEASTERN BLVD NASHUA NH 3062,42.738005,-71.489815,NO,Computers and Electronic Products,"HYDROCHLORIC ACID (1995 AND AFTER ACID AEROSOLS"" ONLY)""",YES,TRI,NO,0,NO,PRODUCTION,AMPHENOL CORP
2018,AMPHENOL APC INC,91 NORTHEASTERN BLVD,NASHUA,HILLSBOROUGH,NH,03062,91 NORTHEASTERN BLVD NASHUA NH 3062,42.738005,-71.489815,NO,Computers and Electronic Products,NITRATE COMPOUNDS,NO,TRI,NO,0,NO,PRODUCTION,AMPHENOL CORP
2018,SCHILLER STATION,400 GOSLING RD,PORTSMOUTH,ROCKINGHAM,NH,03801,400 GOSLING RD PORTSMOUTH NH 3801,43.09726,-70.783801,NO,Electric Utilities,AMMONIA,NO,TRI,NO,0,NO,PRODUCTION,GSP SCHILLER LLC
2018,SCHILLER STATION,400 GOSLING RD,PORTSMOUTH,ROCKINGHAM,NH,03801,400 GOSLING RD PORTSMOUTH NH 3801,43.09726,-70.783801,NO,Electric Utilities,LEAD  and LEAD COMPOUNDS,YES,PBT,YES,1,NO,PRODUCTION,GSP SCHILLER LLC
2018,AERODYNAMICS INC,142 BATCHELDER RD,SEABROOK,ROCKINGHAM,NH,03874,142 BATCHELDER RD SEABROOK NH 3874,42.886709,-70.886393,NO,Fabricated Metals,LEAD COMPOUNDS,YES,PBT,YES,1,NO,PRODUCTION,NA
2018,HUTCHINSON SEALING SYSTEMS INC,171 RT 85,NEWFIELDS,ROCKINGHAM,NH,03856,171 RT 85 NEWFIELDS NH 3856,43.02375,-70.94331,NO,Plastics and Rubber,XYLENE (MIXED ISOMERS),YES,TRI,NO,0,NO,PRODUCTION,HUTCHINSON SEALING SYSTEMS INC
2018,SCHILLER STATION,400 GOSLING RD,PORTSMOUTH,ROCKINGHAM,NH,03801,400 GOSLING RD PORTSMOUTH NH 3801,43.09726,-70.783801,NO,Electric Utilities,NAPHTHALENE,YES,TRI,NO,0,YES,PRODUCTION,GSP SCHILLER LLC
2018,FREUDENBERG-NOK SEALING TECHNOLOGIES,450 PLEASANT ST,BRISTOL,GRAFTON,NH,03222,450 PLEASANT ST BRISTOL NH 3222,43.585476,-71.750525,NO,Miscellaneous Manufacturing,METHANOL,YES,TRI,NO,0,NO,PRODUCTION,FREUDENBERG-NOK GENERAL PTNR
2018,COLT REFINING INC,12A STAR DR,MERRIMACK,HILLSBOROUGH,NH,03054,12A STAR DR MERRIMACK NH 3054,42.83251,-71.48772,NO,Primary Metals,LEAD,YES,PBT,YES,1,YES,PRODUCTION,NA
2018,COORSTEK IGNITER PRODUCTS,47 POWERS ST,MILFORD,HILLSBOROUGH,NH,03055,47 POWERS ST MILFORD NH 3055,42.82781,-71.637598,NO,Electrical Equipment,NICKEL,YES,TRI,YES,1,YES,PRODUCTION,NA
2018,HITCHINER MANUFACTURING CO INC (AUTOMATED CASTING FACILITY),1 SCARBOROUGH LN,MILFORD,HILLSBOROUGH,NH,03055,1 SCARBOROUGH LN MILFORD NH 3055,42.83577,-71.70675,NO,Primary Metals,CHROMIUM,YES,TRI,YES,1,NO,PRODUCTION,HITCHINER MANUFACTURING CO INC
2018,TIMKEN AEROSPACE( MPB CORP DBA) LEBANON,336 MECHANIC ST,LEBANON,GRAFTON,NH,03766,336 MECHANIC ST LEBANON NH 3766,43.638521,-72.285855,NO,Fabricated Metals,METHANOL,YES,TRI,NO,0,NO,PRODUCTION,THE TIMKEN CO
2018,SIG SAUER INC,72 PEASE BLVD,NEWINGTON,ROCKINGHAM,NH,03801,72 PEASE BLVD NEWINGTON NH 3801,43.087945,-70.811239,NO,Fabricated Metals,MANGANESE,YES,TRI,YES,1,NO,PRODUCTION,NA
2018,PSI MOLDED PLASTICS FORMERLY KNOWN AS GI PLASTEK,5 WICKERS DR,WOLFEBORO,CARROLL,NH,03894,5 WICKERS DR WOLFEBORO NH 3894,43.60513,-71.212805,NO,Plastics and Rubber,LEAD,YES,PBT,YES,1,YES,PRODUCTION,PSI MOLDED PLASTICS NEW HAMPSHIRE INC
2018,KALWALL CORP FLAT SHEE T DIV,168 RIVER RD,BOW,MERRIMACK,NH,03304,168 RIVER RD BOW NH 3304,43.14775,-71.48759,NO,Plastics and Rubber,PROPYLENE,NO,TRI,NO,0,NO,PRODUCTION,KALWALL CORP
2018,GORHAM PAPER & TISSUE LLC,72 CASCADE FLATS,GORHAM,COOS,NH,03581,72 CASCADE FLATS GORHAM NH 3581,44.443738,-71.187308,NO,Paper,POLYCYCLIC AROMATIC COMPOUNDS,YES,PBT,NO,0,YES,PRODUCTION,PATRIARCH PARTNERS LLC
2018,COLT REFINING INC,12A STAR DR,MERRIMACK,HILLSBOROUGH,NH,03054,12A STAR DR MERRIMACK NH 3054,42.83251,-71.48772,NO,Primary Metals,SILVER and SILVER COMPOUNDS,NO,TRI,YES,1,NO,PRODUCTION,NA
2018,COLT REFINING INC,12A STAR DR,MERRIMACK,HILLSBOROUGH,NH,03054,12A STAR DR MERRIMACK NH 3054,42.83251,-71.48772,NO,Primary Metals,COPPER,NO,TRI,YES,1,NO,PRODUCTION,NA
2018,FREUDENBERG-NOK SEALING TECHNOLOGIES,450 PLEASANT ST,BRISTOL,GRAFTON,NH,03222,450 PLEASANT ST BRISTOL NH 3222,43.585476,-71.750525,NO,Miscellaneous Manufacturing,ZINC COMPOUNDS,NO,TRI,YES,1,NO,PRODUCTION,FREUDENBERG-NOK GENERAL PTNR
2018,FREUDENBERG-NOK SEALING TECHNOLOGIES,450 PLEASANT ST,BRISTOL,GRAFTON,NH,03222,450 PLEASANT ST BRISTOL NH 3222,43.585476,-71.750525,NO,Miscellaneous Manufacturing,TOLUENE,YES,TRI,NO,0,NO,PRODUCTION,FREUDENBERG-NOK GENERAL PTNR
2018,AMPHENOL APC INC,91 NORTHEASTERN BLVD,NASHUA,HILLSBOROUGH,NH,03062,91 NORTHEASTERN BLVD NASHUA NH 3062,42.738005,-71.489815,NO,Computers and Electronic Products,LEAD  and LEAD COMPOUNDS,YES,PBT,YES,1,NO,PRODUCTION,AMPHENOL CORP
2018,SCHILLER STATION,400 GOSLING RD,PORTSMOUTH,ROCKINGHAM,NH,03801,400 GOSLING RD PORTSMOUTH NH 3801,43.09726,-70.783801,NO,Electric Utilities,MERCURY  and MERCURY COMPOUNDS,YES,PBT,YES,1,NO,PRODUCTION,GSP SCHILLER LLC
2018,GORHAM PAPER & TISSUE LLC,72 CASCADE FLATS,GORHAM,COOS,NH,03581,72 CASCADE FLATS GORHAM NH 3581,44.443738,-71.187308,NO,Paper,"BENZO(G,H,I)PERYLENE",YES,PBT,NO,0,NO,PRODUCTION,PATRIARCH PARTNERS LLC
2018,TURBOCAM ENERGY SOLUTIONS LLC,5 FARADAY DR,DOVER,STRAFFORD,NH,03820,5 FARADAY DR DOVER NH 3820,43.17996,-70.91297,NO,Machinery,CYANIDE COMPOUNDS,YES,TRI,NO,0,NO,PRODUCTION,NA
2018,WATTS REGULATOR CO DBA WEBSTER VALVE,583 S MAIN ST,FRANKLIN,MERRIMACK,NH,03235,583 S MAIN ST FRANKLIN NH 3235,43.42499,-71.65416,NO,Fabricated Metals,LEAD  and LEAD COMPOUNDS,YES,PBT,YES,1,NO,ACTIVITY,WATTS WATER TECHNOLOGIES
2018,PARKER HANNIFIN CORP CHOMERICS DIV,16 FLAGSTONE DR,HUDSON,HILLSBOROUGH,NH,03051,16 FLAGSTONE DR HUDSON NH 3051,42.73075,-71.43103,NO,Computers and Electronic Products,TETRABROMOBISPHENOL A,NO,PBT,NO,0,NO,PRODUCTION,PARKER HANNIFIN CORP
2018,NEW HAMPSHIRE BALL BEARINGS INC,175 JAFFERY RD,PETERBOROUGH,HILLSBOROUGH,NH,03458,175 JAFFERY RD PETERBOROUGH NH 3458,42.856405,-71.963371,NO,Fabricated Metals,COPPER,NO,TRI,YES,1,NO,PRODUCTION,NMB USA INC
2018,PRINCETON TECHNOLOGY CORP,33 CONSTITUTION DR,HUDSON,HILLSBOROUGH,NH,03051,33 CONSTITUTION DR HUDSON NH 3051,42.77392,-71.38944,NO,Computers and Electronic Products,LEAD COMPOUNDS,YES,PBT,YES,1,NO,PRODUCTION,NA
2018,PIKE INDUSTRIES INC - PORTSMOUTH,650 PEVERLY ROAD,PORTSMOUTH,ROCKINGHAM,NH,03801,650 PEVERLY ROAD PORTSMOUTH NH 3801,43.047651,-70.776816,NO,Petroleum,POLYCYCLIC AROMATIC COMPOUNDS,YES,PBT,NO,0,YES,PRODUCTION,CRH AMERICAS INC
2018,WATTS REGULATOR CO DBA WEBSTER VALVE,583 S MAIN ST,FRANKLIN,MERRIMACK,NH,03235,583 S MAIN ST FRANKLIN NH 3235,43.42499,-71.65416,NO,Fabricated Metals,NICKEL  and NICKEL COMPOUNDS,YES,TRI,YES,1,YES,ACTIVITY,WATTS WATER TECHNOLOGIES
2018,WATTS REGULATOR CO DBA WEBSTER VALVE,583 S MAIN ST,FRANKLIN,MERRIMACK,NH,03235,583 S MAIN ST FRANKLIN NH 3235,43.42499,-71.65416,NO,Fabricated Metals,ZINC COMPOUNDS,NO,TRI,YES,1,NO,PRODUCTION,WATTS WATER TECHNOLOGIES
2018,REDIMIX COS INC,325 MAST RD,DOVER,STRAFFORD,NH,03820,325 MAST RD DOVER NH 3820,43.16803,-70.8984,NO,Nonmetallic Mineral Product,NITRATE COMPOUNDS,NO,TRI,NO,0,NO,,CRH AMERICAS INC
2018,GE CO,9 INDUSTRIAL PARK DR,HOOKSETT,MERRIMACK,NH,03106,9 INDUSTRIAL PARK DR HOOKSETT NH 3106,43.061504,-71.447873,NO,Transportation Equipment,CHROMIUM,YES,TRI,YES,1,NO,PRODUCTION,GENERAL ELECTRIC CO (GE CO)
2018,NEW HAMPSHIRE BALL BEARINGS INC,175 JAFFERY RD,PETERBOROUGH,HILLSBOROUGH,NH,03458,175 JAFFERY RD PETERBOROUGH NH 3458,42.856405,-71.963371,NO,Fabricated Metals,CHROMIUM COMPOUNDS(EXCEPT CHROMITE ORE MINED IN THE TRANSVAAL REGION),YES,TRI,YES,1,NO,PRODUCTION,NMB USA INC
2018,PIKE INDUSTRIES INC - PORTSMOUTH,650 PEVERLY ROAD,PORTSMOUTH,ROCKINGHAM,NH,03801,650 PEVERLY ROAD PORTSMOUTH NH 3801,43.047651,-70.776816,NO,Petroleum,"BENZO(G,H,I)PERYLENE",YES,PBT,NO,0,NO,PRODUCTION,CRH AMERICAS INC
2018,CASCADED PURCHASE HOLDING INC (DBA NEW HAMPSHIRE INDUSTRIES),35 CONNECTICUT RIVERBEND PL,CLAREMONT,SULLIVAN,NH,03743,35 CONNECTICUT RIVERBEND PL CLAREMONT NH 3743,43.40053,-72.3914,NO,Machinery,LEAD,YES,PBT,YES,1,YES,PRODUCTION,NA
2018,VIBRACOUSTIC NA LP,50 AMMON DR,MANCHESTER,HILLSBOROUGH,NH,03103,50 AMMON DR MANCHESTER NH 3103,42.93297,-71.44143,NO,Plastics and Rubber,DIISOCYANATES,YES,TRI,NO,0,NO,PRODUCTION,NA
2018,PIKE INDUSTRIES INC FARMINGTON,383 FARMINGTON RD,FARMINGTON,STRAFFORD,NH,03835,383 FARMINGTON RD FARMINGTON NH 3835,43.407359,-71.020456,NO,Petroleum,LEAD,YES,PBT,YES,1,YES,PRODUCTION,CRH AMERICAS INC
2018,BENCHMARK ELECTRONICS NH DIV,100 INNOVATIVE WAY,NASHUA,HILLSBOROUGH,NH,03062,100 INNOVATIVE WAY NASHUA NH 3062,42.713318,-71.458987,NO,Computers and Electronic Products,LEAD,YES,PBT,YES,1,YES,PRODUCTION,BENCHMARK ELECTRONICS INC
2018,AMPHENOL APC INC,91 NORTHEASTERN BLVD,NASHUA,HILLSBOROUGH,NH,03062,91 NORTHEASTERN BLVD NASHUA NH 3062,42.738005,-71.489815,NO,Computers and Electronic Products,COPPER  and COPPER COMPOUNDS,NO,TRI,YES,1,NO,PRODUCTION,AMPHENOL CORP
2018,AMPHENOL APC INC,91 NORTHEASTERN BLVD,NASHUA,HILLSBOROUGH,NH,03062,91 NORTHEASTERN BLVD NASHUA NH 3062,42.738005,-71.489815,NO,Computers and Electronic Products,NITRIC ACID,NO,TRI,NO,0,NO,ACTIVITY,AMPHENOL CORP
2018,IRVING OIL TERMINALS INC,50 PREBLE WAY,PORTSMOUTH,ROCKINGHAM,NH,03801,50 PREBLE WAY PORTSMOUTH NH 3801,43.0901,-70.76689,NO,Petroleum Bulk Terminals,"1,2,4-TRIMETHYLBENZENE",NO,TRI,NO,0,NO,PRODUCTION,IRVING OIL TERMINALS INC
2018,TURBOCAM INC,38 REDEMPTION DR,BARRINGTON,STRAFFORD,NH,03825,38 REDEMPTION DR BARRINGTON NH 3825,43.216265,-71.01946,NO,Fabricated Metals,NICKEL,YES,TRI,YES,1,YES,PRODUCTION,NA
2018,STURM RUGER & CO INC,411 SUNAPEE ST,NEWPORT,SULLIVAN,NH,03773,411 SUNAPEE ST NEWPORT NH 3773,43.379828,-72.152415,NO,Fabricated Metals,LEAD,YES,PBT,YES,1,YES,PRODUCTION,STURM RUGER & CO INC
2018,FREUDENBERG-NOK SEALING TECHNOLOGIES,450 PLEASANT ST,BRISTOL,GRAFTON,NH,03222,450 PLEASANT ST BRISTOL NH 3222,43.585476,-71.750525,NO,Miscellaneous Manufacturing,MANGANESE,YES,TRI,YES,1,NO,PRODUCTION,FREUDENBERG-NOK GENERAL PTNR
2018,GE CO,9 INDUSTRIAL PARK DR,HOOKSETT,MERRIMACK,NH,03106,9 INDUSTRIAL PARK DR HOOKSETT NH 3106,43.061504,-71.447873,NO,Transportation Equipment,BARIUM COMPOUNDS,NO,TRI,NO,3,NO,PRODUCTION,GENERAL ELECTRIC CO (GE CO)
2018,BURNDY LLC,150 BURNDY RD,LITTLETON,GRAFTON,NH,03561,150 BURNDY RD LITTLETON NH 3561,44.30085,-71.79362,NO,Electrical Equipment,COPPER,NO,TRI,YES,1,NO,PRODUCTION,HUBBELL INC
2018,THUNDERLINE-Z,11 HAZEL DR,HAMPSTEAD,ROCKINGHAM,NH,03841,11 HAZEL DR HAMPSTEAD NH 3841,42.87637,-71.15395,NO,Electrical Equipment,AMMONIA,NO,TRI,NO,0,NO,PRODUCTION,EMERSON ELECTRIC CO
2018,FREUDENBERG-NOK SEALING TECHNOLOGIES,450 PLEASANT ST,BRISTOL,GRAFTON,NH,03222,450 PLEASANT ST BRISTOL NH 3222,43.585476,-71.750525,NO,Miscellaneous Manufacturing,NICKEL,YES,TRI,YES,1,YES,PRODUCTION,FREUDENBERG-NOK GENERAL PTNR
2018,MARMON UTILITY LLC,53 OLD WILTON RD,MILFORD,HILLSBOROUGH,NH,03055,53 OLD WILTON RD MILFORD NH 3055,42.83947,-71.69331,NO,Electrical Equipment,ACETOPHENONE,YES,TRI,NO,0,NO,PRODUCTION,MARMON WIRE & CABLE INC
2018,WHELEN ENGINEERING,99 CEDA RD,CHARLESTOWN,SULLIVAN,NH,03603,99 CEDA RD CHARLESTOWN NH 3603,43.26615,-72.4033,NO,Transportation Equipment,COPPER,NO,TRI,YES,1,NO,PRODUCTION,WHELEN ENGINEERING
2018,STURM RUGER & CO INC,411 SUNAPEE ST,NEWPORT,SULLIVAN,NH,03773,411 SUNAPEE ST NEWPORT NH 3773,43.379828,-72.152415,NO,Fabricated Metals,MANGANESE,YES,TRI,YES,1,NO,PRODUCTION,STURM RUGER & CO INC
2018,AMPHENOL APC INC,91 NORTHEASTERN BLVD,NASHUA,HILLSBOROUGH,NH,03062,91 NORTHEASTERN BLVD NASHUA NH 3062,42.738005,-71.489815,NO,Computers and Electronic Products,"SULFURIC ACID (1994 AND AFTER ACID AEROSOLS"" ONLY)""",NO,TRI,NO,0,NO,PRODUCTION,AMPHENOL CORP
2018,BROX INDUSTRIES INC,1500 HOOKSETT RD,HOOKSETT,MERRIMACK,NH,03106,1500 HOOKSETT RD HOOKSETT NH 3106,43.07094,-71.45089,NO,Petroleum,POLYCYCLIC AROMATIC COMPOUNDS,YES,PBT,NO,0,YES,PRODUCTION,BROX INDUSTRIES INC
2018,DUXBURY COMPOSITE PRODUCTS DBA PLP COMPOSITES,57 CREAMERY RD,FITZWILLIAM,CHESHIRE,NH,03447,57 CREAMERY RD FITZWILLIAM NH 3447,42.764,-72.152,NO,Plastics and Rubber,STYRENE,YES,TRI,NO,0,YES,PRODUCTION,NA
2018,HARCROS CHEMICALS INC,8 CAPITAL ST,NASHUA,HILLSBOROUGH,NH,03063,8 CAPITAL ST NASHUA NH 3063,42.794119,-71.530457,NO,Chemical Wholesalers,NITRIC ACID,NO,TRI,NO,0,NO,,HARCROS CHEMICALS INC
2018,US DOD USAF PEASE ANG,302 NEWMARKET ST,PORTSMOUTH,ROCKINGHAM,NH,03801,302 NEWMARKET ST PORTSMOUTH NH 3801,43.089722,-70.818071,YES,Other,BENZENE,YES,TRI,NO,0,YES,ACTIVITY,US DEPARTMENT OF DEFENSE
2018,FIREYE INC,3 MANCHESTER RD,DERRY,ROCKINGHAM,NH,03038,3 MANCHESTER RD DERRY NH 3038,42.89426,-71.32777,NO,Computers and Electronic Products,LEAD,YES,PBT,YES,1,YES,PRODUCTION,UNITED TECHNOLOGIES CORP
2018,VARITRON ALTRONICS,12 EXECUTIVE DR,HUDSON,HILLSBOROUGH,NH,03051,12 EXECUTIVE DR HUDSON NH 3051,42.74018,-71.42688,NO,Computers and Electronic Products,LEAD,YES,PBT,YES,1,YES,PRODUCTION,NA
2018,US DOD USAF PEASE ANG,302 NEWMARKET ST,PORTSMOUTH,ROCKINGHAM,NH,03801,302 NEWMARKET ST PORTSMOUTH NH 3801,43.089722,-70.818071,YES,Other,XYLENE (MIXED ISOMERS),YES,TRI,NO,0,NO,ACTIVITY,US DEPARTMENT OF DEFENSE
2018,AIRGAS USA LLC,17 NORTHWESTERN DR,SALEM,ROCKINGHAM,NH,03079,17 NORTHWESTERN DR SALEM NH 3079,42.77499,-71.26219,NO,Chemical Wholesalers,PROPYLENE,NO,TRI,NO,0,NO,,AIRGAS INC
2018,TECOMET INC,253 ABBY RD,MANCHESTER,HILLSBOROUGH,NH,03103,253 ABBY RD MANCHESTER NH 3103,42.93557,-71.41994,NO,Miscellaneous Manufacturing,LEAD,YES,PBT,YES,1,YES,PRODUCTION,TECOMET INC
2018,HARCROS CHEMICALS INC,8 CAPITAL ST,NASHUA,HILLSBOROUGH,NH,03063,8 CAPITAL ST NASHUA NH 3063,42.794119,-71.530457,NO,Chemical Wholesalers,HYDROGEN FLUORIDE,YES,TRI,NO,0,NO,,HARCROS CHEMICALS INC
2018,US DOD USAF PEASE ANG,302 NEWMARKET ST,PORTSMOUTH,ROCKINGHAM,NH,03801,302 NEWMARKET ST PORTSMOUTH NH 3801,43.089722,-70.818071,YES,Other,NAPHTHALENE,YES,TRI,NO,0,YES,ACTIVITY,US DEPARTMENT OF DEFENSE
2018,US DOD USAF PEASE ANG,302 NEWMARKET ST,PORTSMOUTH,ROCKINGHAM,NH,03801,302 NEWMARKET ST PORTSMOUTH NH 3801,43.089722,-70.818071,YES,Other,ETHYLBENZENE,YES,TRI,NO,0,YES,ACTIVITY,US DEPARTMENT OF DEFENSE
2018,BROX INDUSTRIES INC,1500 HOOKSETT RD,HOOKSETT,MERRIMACK,NH,03106,1500 HOOKSETT RD HOOKSETT NH 3106,43.07094,-71.45089,NO,Petroleum,"BENZO(G,H,I)PERYLENE",YES,PBT,NO,0,NO,PRODUCTION,BROX INDUSTRIES INC
2018,MERRIMACK STATION,431 RIVER RD,BOW,MERRIMACK,NH,03304,431 RIVER RD BOW NH 3304,43.140833,-71.467778,NO,Electric Utilities,"BENZO(G,H,I)PERYLENE",YES,PBT,NO,0,NO,PRODUCTION,GSP MERRIMACK LLC
2018,GORHAM SAND & GRAVEL PIKE INDUSTRIES INC,44 LANCASTER RD (ROUTE 2),GORHAM,COOS,NH,03581,44 LANCASTER RD (ROUTE 2) GORHAM NH 3581,44.397882,-71.202217,NO,Petroleum,LEAD,YES,PBT,YES,1,YES,PRODUCTION,CRH AMERICAS INC
2018,MERRIMACK STATION,431 RIVER RD,BOW,MERRIMACK,NH,03304,431 RIVER RD BOW NH 3304,43.140833,-71.467778,NO,Electric Utilities,MERCURY  and MERCURY COMPOUNDS,YES,PBT,YES,1,NO,PRODUCTION,GSP MERRIMACK LLC
2018,HYPERTHERM INC,88 ETNA RD,LEBANON,GRAFTON,NH,03766,88 ETNA RD LEBANON NH 3766,43.66316,-72.24265,NO,Fabricated Metals,LEAD,YES,PBT,YES,1,YES,PRODUCTION,HYPERTHERM INC
2018,CIRCUIT CONNECT INC,4 STATE ST,NASHUA,HILLSBOROUGH,NH,03063,4 STATE ST NASHUA NH 3063,42.79471,-71.52637,NO,Computers and Electronic Products,LEAD,YES,PBT,YES,1,YES,ACTIVITY,NA
2018,CIRCUIT CONNECT INC,4 STATE ST,NASHUA,HILLSBOROUGH,NH,03063,4 STATE ST NASHUA NH 3063,42.79471,-71.52637,NO,Computers and Electronic Products,AMMONIA,NO,TRI,NO,0,NO,PRODUCTION,NA
2018,MERRIMACK STATION,431 RIVER RD,BOW,MERRIMACK,NH,03304,431 RIVER RD BOW NH 3304,43.140833,-71.467778,NO,Electric Utilities,BARIUM  and BARIUM COMPOUNDS,NO,TRI,NO,3,NO,PRODUCTION,GSP MERRIMACK LLC
2018,MERRIMACK STATION,431 RIVER RD,BOW,MERRIMACK,NH,03304,431 RIVER RD BOW NH 3304,43.140833,-71.467778,NO,Electric Utilities,POLYCYCLIC AROMATIC COMPOUNDS,YES,PBT,NO,0,YES,PRODUCTION,GSP MERRIMACK LLC
2018,MERRIMACK STATION,431 RIVER RD,BOW,MERRIMACK,NH,03304,431 RIVER RD BOW NH 3304,43.140833,-71.467778,NO,Electric Utilities,"HYDROCHLORIC ACID (1995 AND AFTER ACID AEROSOLS"" ONLY)""",YES,TRI,NO,0,NO,PRODUCTION,GSP MERRIMACK LLC
2018,NOVO NORDISK US BIO PRODUCTION INC,9 TECHNOLOGY DR,WEST LEBANON,GRAFTON,NH,03784,9 TECHNOLOGY DR WEST LEBANON NH 3784,43.62272,-72.31281,NO,Chemicals,ETHYLENE GLYCOL,YES,TRI,NO,0,NO,PRODUCTION,NA
2018,CIRCUIT CONNECT INC,4 STATE ST,NASHUA,HILLSBOROUGH,NH,03063,4 STATE ST NASHUA NH 3063,42.79471,-71.52637,NO,Computers and Electronic Products,"SULFURIC ACID (1994 AND AFTER ACID AEROSOLS"" ONLY)""",NO,TRI,NO,0,NO,PRODUCTION,NA
2018,MONADNOCK PAPER MILL,117 ANTRIM RD,BENNINGTON,HILLSBOROUGH,NH,03442,117 ANTRIM RD BENNINGTON NH 3442,43.010602,-71.927174,NO,Paper,POLYCYCLIC AROMATIC COMPOUNDS,YES,PBT,NO,0,YES,ACTIVITY,MONADNOCK PAPER MILL
2018,MONADNOCK PAPER MILL,117 ANTRIM RD,BENNINGTON,HILLSBOROUGH,NH,03442,117 ANTRIM RD BENNINGTON NH 3442,43.010602,-71.927174,NO,Paper,"BENZO(G,H,I)PERYLENE",YES,PBT,NO,0,NO,ACTIVITY,MONADNOCK PAPER MILL
2018,MERRIMACK STATION,431 RIVER RD,BOW,MERRIMACK,NH,03304,431 RIVER RD BOW NH 3304,43.140833,-71.467778,NO,Electric Utilities,LEAD  and LEAD COMPOUNDS,YES,PBT,YES,1,NO,PRODUCTION,GSP MERRIMACK LLC
2018,GORHAM SAND & GRAVEL PIKE INDUSTRIES INC,44 LANCASTER RD (ROUTE 2),GORHAM,COOS,NH,03581,44 LANCASTER RD (ROUTE 2) GORHAM NH 3581,44.397882,-71.202217,NO,Petroleum,POLYCYCLIC AROMATIC COMPOUNDS,YES,PBT,NO,0,YES,PRODUCTION,CRH AMERICAS INC
2018,MERRIMACK STATION,431 RIVER RD,BOW,MERRIMACK,NH,03304,431 RIVER RD BOW NH 3304,43.140833,-71.467778,NO,Electric Utilities,HYDROGEN FLUORIDE,YES,TRI,NO,0,NO,PRODUCTION,GSP MERRIMACK LLC
2018,MERRIMACK STATION,431 RIVER RD,BOW,MERRIMACK,NH,03304,431 RIVER RD BOW NH 3304,43.140833,-71.467778,NO,Electric Utilities,"SULFURIC ACID (1994 AND AFTER ACID AEROSOLS"" ONLY)""",NO,TRI,NO,0,NO,PRODUCTION,GSP MERRIMACK LLC
2018,NOVO NORDISK US BIO PRODUCTION INC,9 TECHNOLOGY DR,WEST LEBANON,GRAFTON,NH,03784,9 TECHNOLOGY DR WEST LEBANON NH 3784,43.62272,-72.31281,NO,Chemicals,PROPYLENE,NO,TRI,NO,0,NO,PRODUCTION,NA
2018,GORHAM SAND & GRAVEL PIKE INDUSTRIES INC,44 LANCASTER RD (ROUTE 2),GORHAM,COOS,NH,03581,44 LANCASTER RD (ROUTE 2) GORHAM NH 3581,44.397882,-71.202217,NO,Petroleum,"BENZO(G,H,I)PERYLENE",YES,PBT,NO,0,NO,PRODUCTION,CRH AMERICAS INC
2018,REDIMIX COS INC,75 RIVER RD,BOW,MERRIMACK,NH,03304,75 RIVER RD BOW NH 3304,43.07655,-71.46944,NO,Nonmetallic Mineral Product,NITRATE COMPOUNDS,NO,TRI,NO,0,NO,,CRH AMERICAS INC
2018,MERRIMACK STATION,431 RIVER RD,BOW,MERRIMACK,NH,03304,431 RIVER RD BOW NH 3304,43.140833,-71.467778,NO,Electric Utilities,AMMONIA,NO,TRI,NO,0,NO,PRODUCTION,GSP MERRIMACK LLC
2018,BAE SYSTEMS INFORMATION & ELECTRONIC SYSTEMS INTEGRATION,65 SPIT BROOK RD,NASHUA,HILLSBOROUGH,NH,03060,65 SPIT BROOK RD NASHUA NH 3060,42.70934,-71.44742,NO,Computers and Electronic Products,LEAD,YES,PBT,YES,1,YES,ACTIVITY,BAE SYSTEMS INC
2018,LUMINESCENT SYSTEMS INC,4 LUCENT DR,LEBANON,GRAFTON,NH,03766,4 LUCENT DR LEBANON NH 3766,43.68097,-72.26117,NO,Electrical Equipment,PROPYLENE,NO,TRI,NO,0,NO,PRODUCTION,ASTRONICS CORP
2018,NEWINGTON STATION,165 GOSLING RD,NEWINGTON,ROCKINGHAM,NH,03801,165 GOSLING RD NEWINGTON NH 3801,43.09962,-70.79106,NO,Electric Utilities,LEAD  and LEAD COMPOUNDS,YES,PBT,YES,1,NO,PRODUCTION,GSP NEWINGTON LLC
2018,URASEAL INC,1 WASHINGTON ST - SUITE 2156,DOVER,STRAFFORD,NH,03820,1 WASHINGTON ST - SUITE 2156 DOVER NH 3820,43.19532,-70.87184,NO,Chemicals,DIISOCYANATES,YES,TRI,NO,0,NO,,NA
2018,NEWINGTON STATION,165 GOSLING RD,NEWINGTON,ROCKINGHAM,NH,03801,165 GOSLING RD NEWINGTON NH 3801,43.09962,-70.79106,NO,Electric Utilities,"BENZO(G,H,I)PERYLENE",YES,PBT,NO,0,NO,PRODUCTION,GSP NEWINGTON LLC
2018,NEWINGTON STATION,165 GOSLING RD,NEWINGTON,ROCKINGHAM,NH,03801,165 GOSLING RD NEWINGTON NH 3801,43.09962,-70.79106,NO,Electric Utilities,MERCURY  and MERCURY COMPOUNDS,YES,PBT,YES,1,NO,PRODUCTION,GSP NEWINGTON LLC
2018,NEWINGTON STATION,165 GOSLING RD,NEWINGTON,ROCKINGHAM,NH,03801,165 GOSLING RD NEWINGTON NH 3801,43.09962,-70.79106,NO,Electric Utilities,"HYDROCHLORIC ACID (1995 AND AFTER ACID AEROSOLS"" ONLY)""",YES,TRI,NO,0,NO,PRODUCTION,GSP NEWINGTON LLC
2018,NEWINGTON STATION,165 GOSLING RD,NEWINGTON,ROCKINGHAM,NH,03801,165 GOSLING RD NEWINGTON NH 3801,43.09962,-70.79106,NO,Electric Utilities,POLYCYCLIC AROMATIC COMPOUNDS,YES,PBT,NO,0,YES,PRODUCTION,GSP NEWINGTON LLC
2018,L3 TECHNOLOGIES,9 AKIRA WAY,LONDONDERRY,ROCKINGHAM,NH,03053,9 AKIRA WAY LONDONDERRY NH 3053,42.93258,-71.41917,NO,Machinery,LEAD  and LEAD COMPOUNDS,YES,PBT,YES,1,NO,PRODUCTION,L3 TECHNOLOGIES INC
2018,HENKEL US OPERATIONS CORP,167 BATCHELDER RD,SEABROOK,ROCKINGHAM,NH,03874,167 BATCHELDER RD SEABROOK NH 3874,42.88424,-70.88669,NO,Chemicals,METHYL METHACRYLATE,YES,TRI,NO,0,NO,PRODUCTION,HENKEL US OPERATIONS CORP
2018,HENKEL US OPERATIONS CORP,167 BATCHELDER RD,SEABROOK,ROCKINGHAM,NH,03874,167 BATCHELDER RD SEABROOK NH 3874,42.88424,-70.88669,NO,Chemicals,N-METHYL-2-PYRROLIDONE,NO,TRI,NO,0,NO,PRODUCTION,HENKEL US OPERATIONS CORP
2018,HENKEL US OPERATIONS CORP,167 BATCHELDER RD,SEABROOK,ROCKINGHAM,NH,03874,167 BATCHELDER RD SEABROOK NH 3874,42.88424,-70.88669,NO,Chemicals,DIISOCYANATES,YES,TRI,NO,0,NO,PRODUCTION,HENKEL US OPERATIONS CORP
2018,HENKEL US OPERATIONS CORP,167 BATCHELDER RD,SEABROOK,ROCKINGHAM,NH,03874,167 BATCHELDER RD SEABROOK NH 3874,42.88424,-70.88669,NO,Chemicals,TOLUENE,YES,TRI,NO,0,NO,,HENKEL US OPERATIONS CORP
2018,NEWINGTON STATION,165 GOSLING RD,NEWINGTON,ROCKINGHAM,NH,03801,165 GOSLING RD NEWINGTON NH 3801,43.09962,-70.79106,NO,Electric Utilities,DIOXIN AND DIOXIN-LIKE COMPOUNDS,YES,Dioxin,NO,0,YES,PRODUCTION,GSP NEWINGTON LLC
2018,NEWINGTON STATION,165 GOSLING RD,NEWINGTON,ROCKINGHAM,NH,03801,165 GOSLING RD NEWINGTON NH 3801,43.09962,-70.79106,NO,Electric Utilities,MANGANESE  and MANGANESE COMPOUNDS,YES,TRI,YES,1,NO,PRODUCTION,GSP NEWINGTON LLC
2018,NEWINGTON STATION,165 GOSLING RD,NEWINGTON,ROCKINGHAM,NH,03801,165 GOSLING RD NEWINGTON NH 3801,43.09962,-70.79106,NO,Electric Utilities,"SULFURIC ACID (1994 AND AFTER ACID AEROSOLS"" ONLY)""",NO,TRI,NO,0,NO,PRODUCTION,GSP NEWINGTON LLC
2018,HENKEL US OPERATIONS CORP,167 BATCHELDER RD,SEABROOK,ROCKINGHAM,NH,03874,167 BATCHELDER RD SEABROOK NH 3874,42.88424,-70.88669,NO,Chemicals,N-HEXANE,YES,TRI,NO,0,NO,,HENKEL US OPERATIONS CORP
2018,URASEAL INC,1 WASHINGTON ST - SUITE 2156,DOVER,STRAFFORD,NH,03820,1 WASHINGTON ST - SUITE 2156 DOVER NH 3820,43.19532,-70.87184,NO,Chemicals,THIABENDAZOLE,NO,TRI,NO,0,NO,,NA
2018,NEWINGTON STATION,165 GOSLING RD,NEWINGTON,ROCKINGHAM,NH,03801,165 GOSLING RD NEWINGTON NH 3801,43.09962,-70.79106,NO,Electric Utilities,NAPHTHALENE,YES,TRI,NO,0,YES,PRODUCTION,GSP NEWINGTON LLC
2018,JAEGER USA INC,104 PICKERING RD,GONIC,STRAFFORD,NH,03839,104 PICKERING RD GONIC NH 3839,43.26936,-70.96842,NO,Textiles,TOLUENE,YES,TRI,NO,0,NO,PRODUCTION,JAEGER AUSTRIA HOLDING GESMBH
2018,HYPERTHERM INC,21 GREAT HOLLOW RD,HANOVER,GRAFTON,NH,03755,21 GREAT HOLLOW RD HANOVER NH 3755,43.6823,-72.2353,NO,Fabricated Metals,COPPER,NO,TRI,YES,1,NO,PRODUCTION,HYPERTHERM INC
2018,LEBANON CRUSHED STONE PIKE INDUSTRIES INC,335 PLAINFIELD RD,WEST LEBANON,GRAFTON,NH,03784,335 PLAINFIELD RD WEST LEBANON NH 3784,43.617851,-72.326956,NO,Petroleum,POLYCYCLIC AROMATIC COMPOUNDS,YES,PBT,NO,0,YES,PRODUCTION,CRH AMERICAS INC
2018,HYPERTHERM INC,21 GREAT HOLLOW RD,HANOVER,GRAFTON,NH,03755,21 GREAT HOLLOW RD HANOVER NH 3755,43.6823,-72.2353,NO,Fabricated Metals,DIISOCYANATES,YES,TRI,NO,0,NO,PRODUCTION,HYPERTHERM INC
2018,CIRTRONICS CORP,528 RTE 13 S,MILFORD,HILLSBOROUGH,NH,03055,528 RTE 13 S MILFORD NH 3055,42.80914,-71.64836,NO,Computers and Electronic Products,LEAD,YES,PBT,YES,1,YES,PRODUCTION,NA
2018,TORROMEO INDUSTRIES INC,18 DORRE ROAD,KINGSTON,ROCKINGHAM,NH,03848,18 DORRE ROAD KINGSTON NH 3848,42.867524,-71.091447,NO,Other,LEAD  and LEAD COMPOUNDS,YES,PBT,YES,1,NO,PRODUCTION,TORROMEO INDUSTRIES INC
2018,SUBCOM CABLE SYSTEMS LLC,100 PISCATAQUA DR,NEWINGTON,ROCKINGHAM,NH,03801,100 PISCATAQUA DR NEWINGTON NH 3801,43.098061,-70.799578,NO,Electrical Equipment,COPPER,NO,TRI,YES,1,NO,PRODUCTION,NA
2018,EASTERN BOATS INC,11 INDUSTRIAL WAY,MILTON,STRAFFORD,NH,03851,11 INDUSTRIAL WAY MILTON NH 3851,43.469023,-70.99458,NO,Transportation Equipment,STYRENE,YES,TRI,NO,0,YES,PRODUCTION,NA
2018,BRENNTAG LUBRICANTS NORTH EAST-MANCHESTER,1064 GOFFS FALLS RD,MANCHESTER,HILLSBOROUGH,NH,03103,1064 GOFFS FALLS RD MANCHESTER NH 3103,42.94456,-71.44486,NO,Petroleum Bulk Terminals,ZINC COMPOUNDS,NO,TRI,YES,1,NO,,BRENNTAG N.A. INC
2018,LEBANON CRUSHED STONE PIKE INDUSTRIES INC,335 PLAINFIELD RD,WEST LEBANON,GRAFTON,NH,03784,335 PLAINFIELD RD WEST LEBANON NH 3784,43.617851,-72.326956,NO,Petroleum,"BENZO(G,H,I)PERYLENE",YES,PBT,NO,0,NO,PRODUCTION,CRH AMERICAS INC
2018,SUBCOM CABLE SYSTEMS LLC,100 PISCATAQUA DR,NEWINGTON,ROCKINGHAM,NH,03801,100 PISCATAQUA DR NEWINGTON NH 3801,43.098061,-70.799578,NO,Electrical Equipment,POLYCYCLIC AROMATIC COMPOUNDS,YES,PBT,NO,0,YES,PRODUCTION,NA
2018,LEBANON CRUSHED STONE PIKE INDUSTRIES INC,335 PLAINFIELD RD,WEST LEBANON,GRAFTON,NH,03784,335 PLAINFIELD RD WEST LEBANON NH 3784,43.617851,-72.326956,NO,Petroleum,LEAD,YES,PBT,YES,1,YES,PRODUCTION,CRH AMERICAS INC
2018,BRENNTAG LUBRICANTS NORTH EAST-MANCHESTER,1064 GOFFS FALLS RD,MANCHESTER,HILLSBOROUGH,NH,03103,1064 GOFFS FALLS RD MANCHESTER NH 3103,42.94456,-71.44486,NO,Petroleum Bulk Terminals,ETHYLENE GLYCOL,YES,TRI,NO,0,NO,,BRENNTAG N.A. INC
2018,SPRAGUE RIVER ROAD TERMINAL,372 SHATTUCK WAY,NEWINGTON,ROCKINGHAM,NH,03801,372 SHATTUCK WAY NEWINGTON NH 3801,43.1117,-70.815,NO,Petroleum Bulk Terminals,ETHYLBENZENE,YES,TRI,NO,0,YES,,SPRAGUE RESOURCES LP
2018,SPRAGUE RIVER ROAD TERMINAL,372 SHATTUCK WAY,NEWINGTON,ROCKINGHAM,NH,03801,372 SHATTUCK WAY NEWINGTON NH 3801,43.1117,-70.815,NO,Petroleum Bulk Terminals,"1,2,4-TRIMETHYLBENZENE",NO,TRI,NO,0,NO,PRODUCTION,SPRAGUE RESOURCES LP
2018,SPRAGUE RIVER ROAD TERMINAL,372 SHATTUCK WAY,NEWINGTON,ROCKINGHAM,NH,03801,372 SHATTUCK WAY NEWINGTON NH 3801,43.1117,-70.815,NO,Petroleum Bulk Terminals,NAPHTHALENE,YES,TRI,NO,0,YES,PRODUCTION,SPRAGUE RESOURCES LP
2018,HYPERTHERM INC,71 HEATER RD,LEBANON,GRAFTON,NH,03766,71 HEATER RD LEBANON NH 3766,43.64683,-72.23466,NO,Fabricated Metals,COPPER,NO,TRI,YES,1,NO,PRODUCTION,HYPERTHERM INC
2018,ELEKTRISOLA INC,126 HIGH ST,BOSCAWEN,MERRIMACK,NH,03303,126 HIGH ST BOSCAWEN NH 3303,43.32661,-71.640759,NO,Primary Metals,ETHYLBENZENE,YES,TRI,NO,0,YES,PRODUCTION,NA
2018,HAYDON KERK MOTION SOLUTIONS INC,69 MEADOWBROOK DR,MILFORD,HILLSBOROUGH,NH,03055,69 MEADOWBROOK DR MILFORD NH 3055,42.83565,-71.7034,NO,Fabricated Metals,CHROMIUM,YES,TRI,YES,1,NO,PRODUCTION,AMETEK INC
2018,SPRAGUE RIVER ROAD TERMINAL,372 SHATTUCK WAY,NEWINGTON,ROCKINGHAM,NH,03801,372 SHATTUCK WAY NEWINGTON NH 3801,43.1117,-70.815,NO,Petroleum Bulk Terminals,LEAD,YES,PBT,YES,1,YES,PRODUCTION,SPRAGUE RESOURCES LP
2018,SPRAGUE RIVER ROAD TERMINAL,372 SHATTUCK WAY,NEWINGTON,ROCKINGHAM,NH,03801,372 SHATTUCK WAY NEWINGTON NH 3801,43.1117,-70.815,NO,Petroleum Bulk Terminals,"BENZO(G,H,I)PERYLENE",YES,PBT,NO,0,NO,PRODUCTION,SPRAGUE RESOURCES LP
2018,HAYDON KERK MOTION SOLUTIONS INC,69 MEADOWBROOK DR,MILFORD,HILLSBOROUGH,NH,03055,69 MEADOWBROOK DR MILFORD NH 3055,42.83565,-71.7034,NO,Fabricated Metals,NICKEL,YES,TRI,YES,1,YES,PRODUCTION,AMETEK INC
2018,ELEKTRISOLA INC,126 HIGH ST,BOSCAWEN,MERRIMACK,NH,03303,126 HIGH ST BOSCAWEN NH 3303,43.32661,-71.640759,NO,Primary Metals,DIMETHYL PHTHALATE,YES,TRI,NO,0,NO,PRODUCTION,NA
2018,PRAXAIR SURFACE TECHNOLOGIES INC,146 PEMBROKE RD,CONCORD,MERRIMACK,NH,03301,146 PEMBROKE RD CONCORD NH 3301,43.21475,-71.49154,NO,Machinery,COPPER,NO,TRI,YES,1,NO,PRODUCTION,PRAXAIR INC
2018,ELEKTRISOLA INC,126 HIGH ST,BOSCAWEN,MERRIMACK,NH,03303,126 HIGH ST BOSCAWEN NH 3303,43.32661,-71.640759,NO,Primary Metals,"1,2,4-TRIMETHYLBENZENE",NO,TRI,NO,0,NO,PRODUCTION,NA
2018,SPRAGUE RIVER ROAD TERMINAL,372 SHATTUCK WAY,NEWINGTON,ROCKINGHAM,NH,03801,372 SHATTUCK WAY NEWINGTON NH 3801,43.1117,-70.815,NO,Petroleum Bulk Terminals,XYLENE (MIXED ISOMERS),YES,TRI,NO,0,NO,,SPRAGUE RESOURCES LP
2018,ELEKTRISOLA INC,126 HIGH ST,BOSCAWEN,MERRIMACK,NH,03303,126 HIGH ST BOSCAWEN NH 3303,43.32661,-71.640759,NO,Primary Metals,XYLENE (MIXED ISOMERS),YES,TRI,NO,0,NO,PRODUCTION,NA
2018,ELEKTRISOLA INC,126 HIGH ST,BOSCAWEN,MERRIMACK,NH,03303,126 HIGH ST BOSCAWEN NH 3303,43.32661,-71.640759,NO,Primary Metals,CRESOL (MIXED ISOMERS),YES,TRI,NO,0,NO,PRODUCTION,NA
2018,ELEKTRISOLA INC,126 HIGH ST,BOSCAWEN,MERRIMACK,NH,03303,126 HIGH ST BOSCAWEN NH 3303,43.32661,-71.640759,NO,Primary Metals,"2,4-DIMETHYLPHENOL",NO,TRI,NO,0,NO,PRODUCTION,NA
2018,ELEKTRISOLA INC,126 HIGH ST,BOSCAWEN,MERRIMACK,NH,03303,126 HIGH ST BOSCAWEN NH 3303,43.32661,-71.640759,NO,Primary Metals,N-METHYL-2-PYRROLIDONE,NO,TRI,NO,0,NO,PRODUCTION,NA
2018,NEW HAMPSHIRE BALL BEARINGS I NC,155 LEXINGTON DR,LACONIA,BELKNAP,NH,03246,155 LEXINGTON DR LACONIA NH 3246,43.54432,-71.49148,NO,Transportation Equipment,,YES,TRI,YES,1,NO,PRODUCTION,NMB USA INC
2018,NEW HAMPSHIRE BALL BEARINGS I NC,155 LEXINGTON DR,LACONIA,BELKNAP,NH,03246,155 LEXINGTON DR LACONIA NH 3246,43.54432,-71.49148,NO,Transportation Equipment,COPPER  and COPPER COMPOUNDS,NO,TRI,YES,1,NO,PRODUCTION,NMB USA INC
2018,ELEKTRISOLA INC,126 HIGH ST,BOSCAWEN,MERRIMACK,NH,03303,126 HIGH ST BOSCAWEN NH 3303,43.32661,-71.640759,NO,Primary Metals,COPPER,NO,TRI,YES,1,NO,PRODUCTION,NA
2018,OSRAM SYLVANIA PRODUCTS INC,275 W MAIN ST,HILLSBORO,HILLSBOROUGH,NH,03244,275 W MAIN ST HILLSBORO NH 3244,43.1117,-71.91656,NO,Electrical Equipment,NICKEL,YES,TRI,YES,1,YES,PRODUCTION,NA
2018,OWENS CORNING ROOFING & ASPHALT LLC,61 PINE RD,BRENTWOOD,ROCKINGHAM,NH,03833,61 PINE RD BRENTWOOD NH 3833,42.975076,-70.951836,NO,Petroleum,"BENZO(G,H,I)PERYLENE",YES,PBT,NO,0,NO,PRODUCTION,OWENS CORNING
2018,WORTHEN INDUSTRIES INC UPACO DIV,3 E SPITBROOK RD,NASHUA,HILLSBOROUGH,NH,03060,3 E SPITBROOK RD NASHUA NH 3060,42.7104,-71.43898,NO,Chemicals,"N,N-DIMETHYLFORMAMIDE",YES,TRI,NO,0,NO,PRODUCTION,WORTHEN INDUSTRIES INC
2018,BROX INDUSTRIES INC,85 GREELEY ST,HUDSON,HILLSBOROUGH,NH,03051,85 GREELEY ST HUDSON NH 3051,42.785679,-71.415398,NO,Petroleum,POLYCYCLIC AROMATIC COMPOUNDS,YES,PBT,NO,0,YES,PRODUCTION,BROX INDUSTRIES INC
2018,OWENS CORNING ROOFING & ASPHALT LLC,61 PINE RD,BRENTWOOD,ROCKINGHAM,NH,03833,61 PINE RD BRENTWOOD NH 3833,42.975076,-70.951836,NO,Petroleum,POLYCYCLIC AROMATIC COMPOUNDS,YES,PBT,NO,0,YES,PRODUCTION,OWENS CORNING
2018,ELEKTRISOLA INC,126 HIGH ST,BOSCAWEN,MERRIMACK,NH,03303,126 HIGH ST BOSCAWEN NH 3303,43.32661,-71.640759,NO,Primary Metals,PHENOL,YES,TRI,NO,0,NO,PRODUCTION,NA
2018,EMD MILLIPORE CORP,11 PRESCOTT RD,JAFFREY,CHESHIRE,NH,03452,11 PRESCOTT RD JAFFREY NH 3452,42.799373,-71.985188,NO,Computers and Electronic Products,METHANOL,YES,TRI,NO,0,NO,PRODUCTION,EMD MILLIPORE CORP
2018,OSRAM SYLVANIA PRODUCTS INC,275 W MAIN ST,HILLSBORO,HILLSBOROUGH,NH,03244,275 W MAIN ST HILLSBORO NH 3244,43.1117,-71.91656,NO,Electrical Equipment,CHROMIUM,YES,TRI,YES,1,NO,PRODUCTION,NA
2018,EMD MILLIPORE CORP,11 PRESCOTT RD,JAFFREY,CHESHIRE,NH,03452,11 PRESCOTT RD JAFFREY NH 3452,42.799373,-71.985188,NO,Computers and Electronic Products,N-METHYL-2-PYRROLIDONE,NO,TRI,NO,0,NO,PRODUCTION,EMD MILLIPORE CORP
2018,WORTHEN INDUSTRIES INC UPACO DIV,3 E SPITBROOK RD,NASHUA,HILLSBOROUGH,NH,03060,3 E SPITBROOK RD NASHUA NH 3060,42.7104,-71.43898,NO,Chemicals,N-BUTYL ALCOHOL,NO,TRI,NO,0,NO,PRODUCTION,WORTHEN INDUSTRIES INC
2018,NEW HAMPSHIRE BALL BEARINGS I NC,155 LEXINGTON DR,LACONIA,BELKNAP,NH,03246,155 LEXINGTON DR LACONIA NH 3246,43.54432,-71.49148,NO,Transportation Equipment,NICKEL  and NICKEL COMPOUNDS,YES,TRI,YES,1,YES,PRODUCTION,NMB USA INC
2018,SPRAGUE RIVER ROAD TERMINAL,372 SHATTUCK WAY,NEWINGTON,ROCKINGHAM,NH,03801,372 SHATTUCK WAY NEWINGTON NH 3801,43.1117,-70.815,NO,Petroleum Bulk Terminals,POLYCYCLIC AROMATIC COMPOUNDS,YES,PBT,NO,0,YES,PRODUCTION,SPRAGUE RESOURCES LP
2018,HOOKSETT CRUSHED STONE PIKE INDUSTRIES INC,38 HACKETT HILL RD,HOOKSETT,MERRIMACK,NH,03106,38 HACKETT HILL RD HOOKSETT NH 3106,43.0823,-71.47623,NO,Petroleum,"BENZO(G,H,I)PERYLENE",YES,PBT,NO,0,NO,PRODUCTION,CRH AMERICAS INC
2018,WORTHEN INDUSTRIES INC UPACO DIV,3 E SPITBROOK RD,NASHUA,HILLSBOROUGH,NH,03060,3 E SPITBROOK RD NASHUA NH 3060,42.7104,-71.43898,NO,Chemicals,TOLUENE,YES,TRI,NO,0,NO,PRODUCTION,WORTHEN INDUSTRIES INC
2018,TURBOCAM INT,607 CALEF HIGHWAY,BARRINGTON,STRAFFORD,NH,03825,607 CALEF HIGHWAY BARRINGTON NH 3825,43.205661,-70.996603,NO,Fabricated Metals,NICKEL COMPOUNDS,YES,TRI,YES,1,YES,PRODUCTION,NA
2018,WORTHEN INDUSTRIES INC UPACO DIV,3 E SPITBROOK RD,NASHUA,HILLSBOROUGH,NH,03060,3 E SPITBROOK RD NASHUA NH 3060,42.7104,-71.43898,NO,Chemicals,O-XYLENE,YES,TRI,NO,0,NO,,WORTHEN INDUSTRIES INC
2018,WORTHEN INDUSTRIES INC UPACO DIV,3 E SPITBROOK RD,NASHUA,HILLSBOROUGH,NH,03060,3 E SPITBROOK RD NASHUA NH 3060,42.7104,-71.43898,NO,Chemicals,N-METHYL-2-PYRROLIDONE,NO,TRI,NO,0,NO,PRODUCTION,WORTHEN INDUSTRIES INC
2018,OSRAM SYLVANIA PRODUCTS INC,275 W MAIN ST,HILLSBORO,HILLSBOROUGH,NH,03244,275 W MAIN ST HILLSBORO NH 3244,43.1117,-71.91656,NO,Electrical Equipment,COPPER,NO,TRI,YES,1,NO,PRODUCTION,NA
2018,HOOKSETT CRUSHED STONE PIKE INDUSTRIES INC,38 HACKETT HILL RD,HOOKSETT,MERRIMACK,NH,03106,38 HACKETT HILL RD HOOKSETT NH 3106,43.0823,-71.47623,NO,Petroleum,LEAD,YES,PBT,YES,1,YES,PRODUCTION,CRH AMERICAS INC
2018,WORTHEN INDUSTRIES INC UPACO DIV,3 E SPITBROOK RD,NASHUA,HILLSBOROUGH,NH,03060,3 E SPITBROOK RD NASHUA NH 3060,42.7104,-71.43898,NO,Chemicals,TOLUENE DIISOCYANATE (MIXED ISOMERS),NO,TRI,NO,0,YES,PRODUCTION,WORTHEN INDUSTRIES INC
2018,EMD MILLIPORE CORP,11 PRESCOTT RD,JAFFREY,CHESHIRE,NH,03452,11 PRESCOTT RD JAFFREY NH 3452,42.799373,-71.985188,NO,Computers and Electronic Products,DICHLOROMETHANE,YES,TRI,NO,0,YES,PRODUCTION,EMD MILLIPORE CORP
2018,BROX INDUSTRIES INC,253 ROCHESTER NECK RD,ROCHESTER,STRAFFORD,NH,03839,253 ROCHESTER NECK RD ROCHESTER NH 3839,43.2331,-70.9552,NO,Petroleum,"BENZO(G,H,I)PERYLENE",YES,PBT,NO,0,NO,PRODUCTION,BROX INDUSTRIES INC
2018,TURBOCAM INT,607 CALEF HIGHWAY,BARRINGTON,STRAFFORD,NH,03825,607 CALEF HIGHWAY BARRINGTON NH 3825,43.205661,-70.996603,NO,Fabricated Metals,LEAD COMPOUNDS,YES,PBT,YES,1,NO,PRODUCTION,NA
2018,WHITE MOUNTAIN IMAGING,46 CHENELL DR,CONCORD,MERRIMACK,NH,03301,46 CHENELL DR CONCORD NH 3301,43.20614,-71.48778,NO,Chemicals,HYDROQUINONE,YES,TRI,NO,0,NO,,WHITE MOUNTAIN IMAGING
2018,BROX INDUSTRIES INC,85 GREELEY ST,HUDSON,HILLSBOROUGH,NH,03051,85 GREELEY ST HUDSON NH 3051,42.785679,-71.415398,NO,Petroleum,"BENZO(G,H,I)PERYLENE",YES,PBT,NO,0,NO,PRODUCTION,BROX INDUSTRIES INC
2018,WORTHEN INDUSTRIES INC UPACO DIV,3 E SPITBROOK RD,NASHUA,HILLSBOROUGH,NH,03060,3 E SPITBROOK RD NASHUA NH 3060,42.7104,-71.43898,NO,Chemicals,DIISOCYANATES,YES,TRI,NO,0,NO,PRODUCTION,WORTHEN INDUSTRIES INC
2018,BROX INDUSTRIES INC,253 ROCHESTER NECK RD,ROCHESTER,STRAFFORD,NH,03839,253 ROCHESTER NECK RD ROCHESTER NH 3839,43.2331,-70.9552,NO,Petroleum,POLYCYCLIC AROMATIC COMPOUNDS,YES,PBT,NO,0,YES,PRODUCTION,BROX INDUSTRIES INC
2018,TURBOCAM INT,607 CALEF HIGHWAY,BARRINGTON,STRAFFORD,NH,03825,607 CALEF HIGHWAY BARRINGTON NH 3825,43.205661,-70.996603,NO,Fabricated Metals,CHROMIUM COMPOUNDS(EXCEPT CHROMITE ORE MINED IN THE TRANSVAAL REGION),YES,TRI,YES,1,NO,PRODUCTION,NA
2018,HOOKSETT CRUSHED STONE PIKE INDUSTRIES INC,38 HACKETT HILL RD,HOOKSETT,MERRIMACK,NH,03106,38 HACKETT HILL RD HOOKSETT NH 3106,43.0823,-71.47623,NO,Petroleum,POLYCYCLIC AROMATIC COMPOUNDS,YES,PBT,NO,0,YES,PRODUCTION,CRH AMERICAS INC
2018,WORTHEN INDUSTRIES INC UPACO DIV,3 E SPITBROOK RD,NASHUA,HILLSBOROUGH,NH,03060,3 E SPITBROOK RD NASHUA NH 3060,42.7104,-71.43898,NO,Chemicals,XYLENE (MIXED ISOMERS),YES,TRI,NO,0,NO,PRODUCTION,WORTHEN INDUSTRIES INC
2018,TURBOCAM INT,607 CALEF HIGHWAY,BARRINGTON,STRAFFORD,NH,03825,607 CALEF HIGHWAY BARRINGTON NH 3825,43.205661,-70.996603,NO,Fabricated Metals,COPPER COMPOUNDS,NO,TRI,YES,1,NO,PRODUCTION,NA
2018,MANCHESTER REDIMIX CONCRETE INC,89 CALEF RD,MANCHESTER,HILLSBOROUGH,NH,03103,89 CALEF RD MANCHESTER NH 3103,42.97603,-71.46153,NO,Nonmetallic Mineral Product,NITRATE COMPOUNDS,NO,TRI,NO,0,NO,,CRH AMERICAS INC
2018,WORTHEN INDUSTRIES INC UPACO DIV,3 E SPITBROOK RD,NASHUA,HILLSBOROUGH,NH,03060,3 E SPITBROOK RD NASHUA NH 3060,42.7104,-71.43898,NO,Chemicals,N-HEXANE,YES,TRI,NO,0,NO,PRODUCTION,WORTHEN INDUSTRIES INC
2018,HITCHINER MANUFACTURING CO INC,594 ELM ST,MILFORD,HILLSBOROUGH,NH,03055,594 ELM ST MILFORD NH 3055,42.83966,-71.70009,NO,Primary Metals,COBALT,YES,TRI,YES,1,YES,PRODUCTION,HITCHINER MANUFACTURING CO INC
2018,LAARS HEATING SYSTEMS,20 INDUSTRIAL WAY,ROCHESTER,STRAFFORD,NH,03867,20 INDUSTRIAL WAY ROCHESTER NH 3867,43.30963,-71.00023,NO,Machinery,NICKEL,YES,TRI,YES,1,YES,PRODUCTION,BRADFORD WHITE CORP
2018,HITCHINER MANUFACTURING CO INC,594 ELM ST,MILFORD,HILLSBOROUGH,NH,03055,594 ELM ST MILFORD NH 3055,42.83966,-71.70009,NO,Primary Metals,NICKEL,YES,TRI,YES,1,YES,PRODUCTION,HITCHINER MANUFACTURING CO INC
2018,PITCO FRIALATOR INC,553 RT 3A,BOW,MERRIMACK,NH,03304,553 RT 3A BOW NH 3304,43.17239,-71.52749,NO,Machinery,NICKEL,YES,TRI,YES,1,YES,PRODUCTION,THE MIDDELBY CORP
2018,GEORGIA-PACIFIC GYPSUM LLC NEWINGTON NH,170 SHATTUCK WAY,NEWINGTON,ROCKINGHAM,NH,03801,170 SHATTUCK WAY NEWINGTON NH 3801,43.101421,-70.80188,NO,Nonmetallic Mineral Product,LEAD  and LEAD COMPOUNDS,YES,PBT,YES,1,NO,PRODUCTION,KOCH INDUSTRIES INC
2018,FITCH FUEL CO INC,178 SUMMER ST,LANCASTER,COOS,NH,03584,178 SUMMER ST LANCASTER NH 3584,44.503324,-71.568014,NO,Other,"1,2,4-TRIMETHYLBENZENE",NO,TRI,NO,0,NO,PRODUCTION,NA
2018,FITCH FUEL CO INC,178 SUMMER ST,LANCASTER,COOS,NH,03584,178 SUMMER ST LANCASTER NH 3584,44.503324,-71.568014,NO,Other,BIPHENYL,YES,TRI,NO,0,NO,PRODUCTION,NA
2018,BURNDY LLC,34 BERN DIBNER RD,LINCOLN,GRAFTON,NH,03251,34 BERN DIBNER RD LINCOLN NH 3251,44.049182,-71.683694,NO,Electrical Equipment,NITRATE COMPOUNDS,NO,TRI,NO,0,NO,ACTIVITY,HUBBELL INC
2018,BURNDY LLC,34 BERN DIBNER RD,LINCOLN,GRAFTON,NH,03251,34 BERN DIBNER RD LINCOLN NH 3251,44.049182,-71.683694,NO,Electrical Equipment,NITRIC ACID,NO,TRI,NO,0,NO,ACTIVITY,HUBBELL INC
2018,GEORGIA-PACIFIC GYPSUM LLC NEWINGTON NH,170 SHATTUCK WAY,NEWINGTON,ROCKINGHAM,NH,03801,170 SHATTUCK WAY NEWINGTON NH 3801,43.101421,-70.80188,NO,Nonmetallic Mineral Product,MERCURY  and MERCURY COMPOUNDS,YES,PBT,YES,1,NO,PRODUCTION,KOCH INDUSTRIES INC
2018,LAARS HEATING SYSTEMS,20 INDUSTRIAL WAY,ROCHESTER,STRAFFORD,NH,03867,20 INDUSTRIAL WAY ROCHESTER NH 3867,43.30963,-71.00023,NO,Machinery,COPPER,NO,TRI,YES,1,NO,PRODUCTION,BRADFORD WHITE CORP
2018,WORTHEN INDUSTRIES,34 CELLU DR,NASHUA,HILLSBOROUGH,NH,03063,34 CELLU DR NASHUA NH 3063,42.79838,-71.53392,NO,Textiles,TOLUENE,YES,TRI,NO,0,NO,PRODUCTION,NA
2018,HITCHINER MANUFACTURING CO INC,594 ELM ST,MILFORD,HILLSBOROUGH,NH,03055,594 ELM ST MILFORD NH 3055,42.83966,-71.70009,NO,Primary Metals,CHROMIUM,YES,TRI,YES,1,NO,PRODUCTION,HITCHINER MANUFACTURING CO INC
2018,FITCH FUEL CO INC,178 SUMMER ST,LANCASTER,COOS,NH,03584,178 SUMMER ST LANCASTER NH 3584,44.503324,-71.568014,NO,Other,TOLUENE,YES,TRI,NO,0,NO,PRODUCTION,NA
2018,SIG SAUER INC,18 INDUSTRIAL DR,EXETER,ROCKINGHAM,NH,03833,18 INDUSTRIAL DR EXETER NH 3833,42.99223,-70.9639,NO,Fabricated Metals,LEAD COMPOUNDS,YES,PBT,YES,1,NO,ACTIVITY,NA
2018,FITCH FUEL CO INC,178 SUMMER ST,LANCASTER,COOS,NH,03584,178 SUMMER ST LANCASTER NH 3584,44.503324,-71.568014,NO,Other,ETHYLBENZENE,YES,TRI,NO,0,YES,PRODUCTION,NA
2018,WORTHEN INDUSTRIES,34 CELLU DR,NASHUA,HILLSBOROUGH,NH,03063,34 CELLU DR NASHUA NH 3063,42.79838,-71.53392,NO,Textiles,VINYL ACETATE,YES,TRI,NO,0,YES,ACTIVITY,NA
2018,ANHEUSER-BUSCH LLC (MERRIMACK BREWERY),221 DANIEL WEBSTER HWY,MERRIMACK,HILLSBOROUGH,NH,03054,221 DANIEL WEBSTER HWY MERRIMACK NH 3054,42.82407,-71.485564,NO,Beverages,NITRATE COMPOUNDS,NO,TRI,NO,0,NO,PRODUCTION,ANHEUSER-BUSCH COS LLC
2018,FITCH FUEL CO INC,178 SUMMER ST,LANCASTER,COOS,NH,03584,178 SUMMER ST LANCASTER NH 3584,44.503324,-71.568014,NO,Other,BENZENE,YES,TRI,NO,0,YES,PRODUCTION,NA
2018,FITCH FUEL CO INC,178 SUMMER ST,LANCASTER,COOS,NH,03584,178 SUMMER ST LANCASTER NH 3584,44.503324,-71.568014,NO,Other,CUMENE,YES,TRI,NO,0,YES,PRODUCTION,NA
2018,PITCO FRIALATOR INC,553 RT 3A,BOW,MERRIMACK,NH,03304,553 RT 3A BOW NH 3304,43.17239,-71.52749,NO,Machinery,CHROMIUM,YES,TRI,YES,1,NO,PRODUCTION,THE MIDDELBY CORP
2018,FITCH FUEL CO INC,178 SUMMER ST,LANCASTER,COOS,NH,03584,178 SUMMER ST LANCASTER NH 3584,44.503324,-71.568014,NO,Other,XYLENE (MIXED ISOMERS),YES,TRI,NO,0,NO,PRODUCTION,NA
2018,BURNDY LLC,34 BERN DIBNER RD,LINCOLN,GRAFTON,NH,03251,34 BERN DIBNER RD LINCOLN NH 3251,44.049182,-71.683694,NO,Electrical Equipment,COPPER  and COPPER COMPOUNDS,NO,TRI,YES,1,NO,ACTIVITY,HUBBELL INC
2018,FITCH FUEL CO INC,178 SUMMER ST,LANCASTER,COOS,NH,03584,178 SUMMER ST LANCASTER NH 3584,44.503324,-71.568014,NO,Other,NAPHTHALENE,YES,TRI,NO,0,YES,PRODUCTION,NA
2018,LAARS HEATING SYSTEMS,20 INDUSTRIAL WAY,ROCHESTER,STRAFFORD,NH,03867,20 INDUSTRIAL WAY ROCHESTER NH 3867,43.30963,-71.00023,NO,Machinery,MANGANESE,YES,TRI,YES,1,NO,PRODUCTION,BRADFORD WHITE CORP
2018,US ARMY NATIONAL GUARD STRAFFORD TRAINING SITE RANGE,19 AUSTIN CATE DR,STRAFFORD,STRAFFORD,NH,03884,19 AUSTIN CATE DR STRAFFORD NH 3884,43.271488,-71.126853,YES,Other,LEAD,YES,PBT,YES,1,YES,,US DEPARTMENT OF DEFENSE
2018,PITCO FRIALATOR INC,553 RT 3A,BOW,MERRIMACK,NH,03304,553 RT 3A BOW NH 3304,43.17239,-71.52749,NO,Machinery,MANGANESE,YES,TRI,YES,1,NO,PRODUCTION,THE MIDDELBY CORP
2018,LAARS HEATING SYSTEMS,20 INDUSTRIAL WAY,ROCHESTER,STRAFFORD,NH,03867,20 INDUSTRIAL WAY ROCHESTER NH 3867,43.30963,-71.00023,NO,Machinery,CHROMIUM,YES,TRI,YES,1,NO,PRODUCTION,BRADFORD WHITE CORP
2018,ANHEUSER-BUSCH LLC (MERRIMACK BREWERY),221 DANIEL WEBSTER HWY,MERRIMACK,HILLSBOROUGH,NH,03054,221 DANIEL WEBSTER HWY MERRIMACK NH 3054,42.82407,-71.485564,NO,Beverages,NITRIC ACID,NO,TRI,NO,0,NO,PRODUCTION,ANHEUSER-BUSCH COS LLC
2018,SIG SAUER INC,18 INDUSTRIAL DR,EXETER,ROCKINGHAM,NH,03833,18 INDUSTRIAL DR EXETER NH 3833,42.99223,-70.9639,NO,Fabricated Metals,COPPER,NO,TRI,YES,1,NO,PRODUCTION,NA
2018,BURNDY LLC,34 BERN DIBNER RD,LINCOLN,GRAFTON,NH,03251,34 BERN DIBNER RD LINCOLN NH 3251,44.049182,-71.683694,NO,Electrical Equipment,LEAD,YES,PBT,YES,1,YES,PRODUCTION,HUBBELL INC
2018,VISHAY-HIREL SYSTEMS LLC (FORMERLY D T MAGNETICS),140 CROSBY RD,DOVER,STRAFFORD,NH,03820,140 CROSBY RD DOVER NH 3820,43.18277,-70.91863,NO,Computers and Electronic Products,LEAD,YES,PBT,YES,1,YES,PRODUCTION,VISHAY INTERTECHNOLOGY INC
2018,SIG SAUER INC,129 BROADWAY,DOVER,STRAFFORD,NH,03820,129 BROADWAY DOVER NH 3820,43.20636,-70.86776,NO,Fabricated Metals,CHROMIUM,YES,TRI,YES,1,NO,PRODUCTION,NA
2018,MACLELLAN CONCRETE CO INC,650 PEVERLY HILL RD,PORTSMOUTH,ROCKINGHAM,NH,03801,650 PEVERLY HILL RD PORTSMOUTH NH 3801,43.047653,-70.77682,NO,Nonmetallic Mineral Product,NITRATE COMPOUNDS,NO,TRI,NO,0,NO,,JG MACLELLAN CONCRETE CO INC
2018,NYLON CORP OF AMERICA,333 SUNDIAL AVE,MANCHESTER,HILLSBOROUGH,NH,03103,333 SUNDIAL AVE MANCHESTER NH 3103,42.97088,-71.471941,NO,Chemicals,ZINC COMPOUNDS,NO,TRI,YES,1,NO,PRODUCTION,NA
2018,FCI BERLIN,1 SUCCESS LOOP,BERLIN,COOS,NH,03570,1 SUCCESS LOOP BERLIN NH 3570,44.520886,-71.1378,YES,Other,LEAD,YES,PBT,YES,1,YES,,US DEPARTMENT OF JUSTICE
2018,SIG SAUER INC,129 BROADWAY,DOVER,STRAFFORD,NH,03820,129 BROADWAY DOVER NH 3820,43.20636,-70.86776,NO,Fabricated Metals,MANGANESE,YES,TRI,YES,1,NO,PRODUCTION,NA
2018,NYLON CORP OF AMERICA,333 SUNDIAL AVE,MANCHESTER,HILLSBOROUGH,NH,03103,333 SUNDIAL AVE MANCHESTER NH 3103,42.97088,-71.471941,NO,Chemicals,POLYCYCLIC AROMATIC COMPOUNDS,YES,PBT,NO,0,YES,,NA
2018,MACLELLAN CONCRETE CO INC,650 PEVERLY HILL RD,PORTSMOUTH,ROCKINGHAM,NH,03801,650 PEVERLY HILL RD PORTSMOUTH NH 3801,43.047653,-70.77682,NO,Nonmetallic Mineral Product,MANGANESE COMPOUNDS,YES,TRI,YES,1,NO,,JG MACLELLAN CONCRETE CO INC
